{"cameraMode":{"drawMode":0,"name":"Shaded","section":"Shading Mode"},"sceneLighting":true,"audioPlay":false,"sceneViewState":{"m_AlwaysRefresh":false,"showFog":true,"showSkybox":true,"showFlares":true,"showImageEffects":true,"showParticleSystems":true,"showVisualEffectGraphs":true,"m_FxEnabled":true},"in2DMode":false,"pivot":{"x":-11.54464340209961,"y":214.18124389648438,"z":-4.542677879333496},"rotation":{"x":-0.003961284179240465,"y":0.9960373044013977,"z":-0.06464266031980515,"w":-0.06103234365582466},"size":8.809128761291504,"orthographic":false}